U,G,T,alpha,active,speed,obstacle_flag
0.07582061737775803,0.9603201934742343,1.0,0.9187909960746765,DL,1.325980705874307,False
0.07433051615953445,0.9539931181974488,1.0,0.9180387854576111,DL,1.3243688259805952,False
0.07162662595510483,0.9622277801799661,1.0,0.9210660457611084,DL,1.3308558123452323,False
0.06908416002988815,0.9642017733115091,1.0,0.922592043876648,DL,1.3341258083071028,False
0.0706433430314064,0.9636731019538382,1.0,0.921807050704956,DL,1.3324436800820487,False
0.06818477064371109,0.9677821007904006,1.0,0.9237366914749146,DL,1.3365786245891025,False
0.07357583194971085,0.9612372288813523,1.0,0.9199931621551514,DL,1.328556776046753,False
0.0699312761425972,0.967843505554365,1.0,0.9230082035064697,DL,1.335017578942435,False
0.07831496745347977,0.960540131506427,1.0,0.9177172183990479,DL,1.3236797537122453,False
0.06942333281040192,0.9678204438297124,1.0,0.923219621181488,DL,1.3354706168174744,False
0.07508665323257446,0.9644782870290571,1.0,0.920041561126709,DL,1.328660488128662,False
0.08020354807376862,0.951767212476734,1.0,0.9148291349411011,DL,1.3174910034452165,False
0.08187708258628845,0.9584968799548603,1.0,0.9156164526939392,DL,1.319178112915584,False
0.08132784813642502,0.9484557080795251,1.0,0.913520336151123,DL,1.3146864346095493,False
0.07922931760549545,0.957202056573579,1.0,0.9165391325950623,DL,1.3211552841322762,False
0.07473378628492355,0.9588080993996241,1.0,0.9189389944076538,DL,1.3262978451592582,False
0.08716494590044022,0.9571943205230933,1.0,0.9128221273422241,DL,1.3131902728761946,False
0.0860912874341011,0.9536741552625171,1.0,0.9124937653541565,DL,1.3124866400446211,False
0.07943093776702881,0.9572135779220696,0.876707122346312,0.8834148645401001,DL,1.2501747097287859,False
0.07246412336826324,0.9506392447018074,1.0,0.9181243181228638,DL,1.3245521102632796,False
0.0777721256017685,0.9639413676812539,1.0,0.9187279343605042,DL,1.3258455736296517,False
0.06628423184156418,0.9681390200248277,0.5789511571842386,0.7761834859848022,DL,1.0203931842531477,False
0.0840599462389946,0.9632080317539071,1.0,0.9156964421272278,DL,1.3193495188440596,False
0.08383803069591522,0.9652330094275678,1.0,0.9162664413452148,DL,1.320570945739746,False
0.0904543548822403,0.9618588792142315,1.0,0.9123640656471252,DL,1.3122087121009827,False
0.09346354752779007,0.9611627306457735,1.0,0.9107399582862854,DL,1.3087284820420402,False
0.1443227380514145,0.9273496777006256,0.560720126783432,0.6452604532241821,DL,0.7398438283375333,False
0.09981629997491837,0.9477353486098183,0.9132952897196656,0.8791272044181824,DL,1.2409868666103907,False
0.11039900779724121,0.9449347688030548,1.0,0.8977441191673279,DL,1.2808802553585596,False
0.10662289708852768,0.9288106454634308,0.82074678561031,0.8332630395889282,DL,1.1427065134048462,False
0.10983005166053772,0.937324166705877,0.4413115895850957,0.6170212626457214,DL,0.6793312770979746,False
0.1365000307559967,0.9024828852800348,0.3166648811355384,0.4596976041793823,FALLBACK,0.3422091518129622,False
0.0942494198679924,0.9291592812096927,0.9623226016583405,0.8917696475982666,DL,1.268077816282,False
0.1164378747344017,0.9409116312668815,0.4906343624364361,0.6447424292564392,DL,0.7387337769780841,False
0.0761585608124733,0.9400755681938651,0.27589739369951033,0.5475965738296509,DL,0.5305640867778234,False
0.0817142128944397,0.9516537138778659,0.8704267060472507,0.8782490491867065,DL,1.2391051054000854,False
0.07800182700157166,0.9499779748752423,1.0,0.9154382348060608,DL,1.3187962174415588,False
0.09578119218349457,0.9388304481071261,1.0,0.9039409160614014,DL,1.2941591058458601,False
0.06907527893781662,0.9579232636243644,1.0,0.9212399125099182,DL,1.3312283839498247,False
0.08424541354179382,0.9595727252354656,1.0,0.9147639870643616,DL,1.3173514008522034,False
0.09822675585746765,0.9520862569737729,1.0,0.9060978889465332,DL,1.298781190599714,False
0.08670555055141449,0.9569377419631121,1.0,0.9129799604415894,DL,1.3135284866605486,False
0.09047290682792664,0.9497979562107749,1.0,0.9094182848930359,DL,1.305896324770791,False
0.088414266705513,0.9615835919653868,1.0,0.9132723808288574,DL,1.314155101776123,False
0.09607763588428497,0.9407731745291544,1.0,0.9042919278144836,DL,1.2949112738881792,False
0.10340556502342224,0.9210502277464789,1.0,0.8949859142303467,DL,1.2749698162078857,False
0.10688294470310211,0.9239103688930049,1.0,0.8938258290290833,DL,1.2724839193480355,False
0.07900912314653397,0.9547410750161565,1.0,0.9160742163658142,DL,1.3201590350696017,False
0.0842168778181076,0.9578270156790682,1.0,0.914368212223053,DL,1.3165033119065421,False
0.08490552008152008,0.9511357786336757,1.0,0.9124537706375122,DL,1.3124009370803833,False
0.08242766559123993,0.9508910054574577,1.0,0.9135761857032776,DL,1.314806112221309,False
0.0780128538608551,0.9530007895692014,1.0,0.9161324501037598,DL,1.3202838216509138,False
0.08386769890785217,0.9495792587034237,1.0,0.9125781059265137,DL,1.3126673698425293,False
0.07328769564628601,0.9616225504138114,1.0,0.9202051758766174,DL,1.3290110911641801,False
0.08029181510210037,0.9355461577940656,1.0,0.9109170436859131,DL,1.309107950755528,False
0.07951701432466507,0.9543140947917328,1.0,0.9157409071922302,DL,1.3194448011262077,False
0.0770476758480072,0.9505123632311026,1.0,0.9160037040710449,DL,1.3200079372950961,False
0.07152852416038513,0.9559187965907926,1.0,0.9197224378585815,DL,1.3279766525541032,False
0.07706669718027115,0.9537739932873005,1.0,0.9167447686195374,DL,1.3215959327561515,False
0.07294341921806335,0.9463293667787337,1.0,0.916928231716156,DL,1.3219890679631914,False
0.07285559177398682,0.9636975653991414,1.0,0.9208502769470215,DL,1.3303934506007602,False
0.06984803080558777,0.9631621565348969,1.0,0.9220401644706726,DL,1.3329432095800127,False
0.06984753906726837,0.9650589264032131,1.0,0.9224483370780945,DL,1.3338178651673454,False
0.06284958869218826,0.9576507476996514,1.0,0.923850417137146,DL,1.3368223224367415,False
0.07252559065818787,0.955175516883436,1.0,0.9191140532493591,DL,1.3266729712486267,False
0.07486142963171005,0.9676976643657524,1.0,0.9208477139472961,DL,1.3303879584584917,False
0.07744339853525162,0.9659927849865031,1.0,0.91933274269104,DL,1.3271415914808,False
0.0687461867928505,0.9695664905850967,1.0,0.9238763451576233,DL,1.3368778824806213,False
0.07531405985355377,0.957554732691202,1.0,0.9183980226516724,DL,1.3251386199678694,False
0.07002250105142593,0.9645749193189431,1.0,0.9222692847251892,DL,1.3334341815539767,False
0.0751698836684227,0.9559769750634366,1.0,0.9181076288223267,DL,1.3245163474764143,False
0.07235850393772125,0.9677268098127956,1.0,0.9219416379928589,DL,1.332732081413269,False
0.07511409372091293,0.9518618173330342,1.0,0.917199969291687,DL,1.3225713627679008,False
0.07227973639965057,0.9481191442457424,1.0,0.917637825012207,DL,1.323509625026158,False
0.07394394278526306,0.9608210941077324,1.0,0.919738233089447,DL,1.3280104994773865,False
0.072245754301548,0.9656271444191393,1.0,0.9215361475944519,DL,1.3318631734166826,False
0.07260207831859589,0.9650856266053791,1.0,0.921263575553894,DL,1.3312790904726302,False
0.08061473816633224,0.9490282413970865,1.0,0.9139929413795471,DL,1.3156991600990295,False
0.07408101856708527,0.9645110713675575,1.0,0.9204914569854736,DL,1.3296245506831577,False
0.07773522287607193,0.9534036985924451,1.0,0.9163530468940735,DL,1.3207565290587289,False
0.07124233990907669,0.9658206422951363,1.0,0.9220120906829834,DL,1.332883051463536,False
0.07531379163265228,0.9622714404179719,1.0,0.9194522500038147,DL,1.327397678579603,False
0.09228535741567612,0.9517076212973447,1.0,0.9089935421943665,DL,1.3049861618450709,False
0.07737176865339279,0.9653057126210434,1.0,0.9192115664482117,DL,1.3268819281033108,False
0.07020681351423264,0.9660212811056101,1.0,0.922500729560852,DL,1.3339301347732544,False
0.067593514919281,0.9663352610218409,1.0,0.9236807227134705,DL,1.3364586915288652,False
0.08613473922014236,0.938957475747632,1.0,0.9088820815086365,DL,1.3047473175185067,False
0.07204507291316986,0.9642888542119037,1.0,0.921332597732544,DL,1.3314269951411655,False
0.08497337996959686,0.9613512700372671,0.8406204264860011,0.8694461584091187,DL,1.2202417680195399,False
0.08160465210676193,0.9586138828019781,1.0,0.9157696962356567,DL,1.3195064919335502,False
0.09077660739421844,0.9622497038636901,1.0,0.91230309009552,DL,1.3120780502046858,False
0.08068468421697617,0.949153269278933,1.0,0.9139894247055054,DL,1.31569162436894,False
0.07781236618757248,0.9545603406798125,1.0,0.9165831804275513,DL,1.3212496723447527,False
0.08562886714935303,0.9609878635875075,0.5875253191305619,0.7561641931533813,DL,0.9774946996143887,False
0.074136883020401,0.9455143254736429,1.0,0.9161936044692993,DL,1.3204148667199271,False
0.08355890214443207,0.9503752171017541,1.0,0.9129158854484558,DL,1.3133911831038338,False
0.08126276731491089,0.943269749788746,1.0,0.9123145341873169,DL,1.312102573258536,False
0.07523809373378754,0.9565599182190598,1.0,0.9182082414627075,DL,1.3247319459915161,False
0.09458841383457184,0.9460262490285976,1.0,0.9064080715179443,DL,1.2994458675384521,False
0.07838346064090729,0.9535758581895005,1.0,0.9160941243171692,DL,1.3202016949653625,False
0.08389211446046829,0.9437815549678383,1.0,0.9111686944961548,DL,1.3096472024917603,False
0.07317854464054108,0.9473883565276631,1.0,0.9170626997947693,DL,1.3222772138459342,False
0.08246372640132904,0.9448467317997514,1.0,0.9121164083480835,DL,1.3116780178887504,False
0.08633797615766525,0.9465152437950384,1.0,0.9106432795524597,DL,1.3085213133266993,False
0.08902841061353683,0.9394085011578716,1.0,0.9075475335121155,DL,1.301887571811676,False
0.09199400246143341,0.9340242689582524,1.0,0.9046595692634583,DL,1.2956990769931247,False
0.0891108438372612,0.9327975373925821,1.0,0.9058277606964111,DL,1.2982023443494524,False
0.09769408404827118,0.939311380625616,1.0,0.903066098690033,DL,1.2922844971929277,False
0.10706563293933868,0.9422563519009182,1.0,0.8988372683525085,DL,1.2832227178982325,False
0.1023024395108223,0.9507167921413905,1.0,0.9036393761634827,DL,1.2935129489217485,False
0.10652723163366318,0.9432651381960164,1.0,0.899404764175415,DL,1.2844387803758894,False
0.12005671113729477,0.9409603834051967,1.0,0.8911495208740234,DL,1.2667489733014787,False
0.13153076171875,0.9527024717633693,0.9961367430161451,0.8866861462593079,DL,1.2571845991270882,False
0.12526632845401764,0.9214760817745105,0.9730814951813619,0.8734784722328186,DL,1.228882440498897,False
0.11789894104003906,0.913523388987531,1.0,0.8842362761497498,DL,1.2519348774637495,False
0.11581853032112122,0.8944918012384898,0.7007453004237567,0.7485318183898926,DL,0.9611396108354842,False
0.11955270171165466,0.868017875555471,0.6187631557615785,0.6776567101478577,DL,0.8092643788882665,False
0.10219419002532959,0.89548620917672,0.4157199430295649,0.5794339776039124,DL,0.5987870948655265,False
0.10067161917686462,0.9125485251865836,0.5008942419376061,0.6539155840873718,DL,0.7583905373300825,False
0.08584826439619064,0.9160733418357286,0.6058727697658051,0.7409180998802185,DL,0.9448244997433255,False
0.09189844131469727,0.9072157089100562,0.9181805006051729,0.8726721405982971,DL,1.227154586996351,False
0.08302315324544907,0.8989750994820402,0.6639642256976084,0.7668618559837341,DL,0.6437876783902684,True
0.09775885194540024,0.8947233263843929,0.7198574018021944,0.7785412073135376,DL,0.6598931331010094,True
0.08095269650220871,0.8959518972681811,0.6424550189376513,0.7557469010353088,DL,0.6284605083721025,True
0.1014292910695076,0.908922116114271,0.639500622224633,0.7382107973098755,DL,0.9390231370925906,False
0.09913986176252365,0.9210288130928482,0.924813173008375,0.8746466040611267,DL,1.2313855801309859,False
0.09457872062921524,0.925939661344733,1.0,0.9011744856834412,DL,1.288231040750231,False
0.09727233648300171,0.9241772004302345,1.0,0.8992477059364319,DL,1.2841022270066398,False
0.11815844476222992,0.9395077055957036,1.0,0.891829788684845,DL,1.2682066900389535,False
0.1117696762084961,0.9365379698889729,1.0,0.8946356773376465,DL,1.274219308580671,False
0.11705725640058517,0.9461272116531484,1.0,0.8943564891815186,DL,1.2736210482461112,False
0.10083183646202087,0.9576645518739398,1.0,0.9061918258666992,DL,1.2989824840000697,False
0.10107811540365219,0.941109035081132,1.0,0.9017529487609863,DL,1.289470604487828,False
0.08675593882799149,0.9243397698632432,1.0,0.9048641920089722,DL,1.2961375543049403,False
0.10929690301418304,0.8976473965035214,0.9801052731748467,0.8784115314483643,DL,1.2394532816750663,False
0.10061933100223541,0.9082387672103888,1.0,0.8929272890090942,DL,1.270558476448059,False
0.10436458140611649,0.9222403453225745,1.0,0.8947804570198059,DL,1.274529550756727,False
0.0917290672659874,0.9275809782755831,1.0,0.9031184911727905,DL,1.2923967667988367,False
0.10771562159061432,0.8946047896189858,0.8109648697658156,0.8131200075149536,DL,1.099542873246329,False
0.10705500096082687,0.9139518604774738,1.0,0.8908567428588867,DL,1.2661215918404716,False
0.11098897457122803,0.9172110593374637,0.978158487904392,0.88289874792099,DL,1.2490687455449785,False
0.11864997446537018,0.91508535813608,1.0,0.8842546343803406,DL,1.2519742165293013,False
0.11199451982975006,0.9107082303654455,1.0,0.8869696855545044,DL,1.2577921833310808,False
0.11287527531385422,0.9178919240964403,1.0,0.8885902166366577,DL,1.261264749935695,False
0.10947399586439133,0.9527765957308391,1.0,0.9003825187683105,DL,1.2865339687892368,False
0.11315172165632248,0.9396699772701744,1.0,0.8947396278381348,DL,1.2744420596531458,False
0.11701002717018127,0.9172407552423586,1.0,0.885913074016571,DL,1.255528015749795,False
0.11839696764945984,0.9465095580237518,1.0,0.8937036395072937,DL,1.2722220846584864,False
0.11597221344709396,0.9367438843101332,1.0,0.8922944068908691,DL,1.2692023004804338,False
0.10579202324151993,0.9363182342732517,1.0,0.8979085087776184,DL,1.2812325188091822,False
0.11837486177682877,0.927273173985182,1.0,0.8881087303161621,DL,1.260232993534633,False
0.10682114958763123,0.936498983421079,1.0,0.8973910808563232,DL,1.2801237446921212,False
0.1235237643122673,0.9451180811346912,1.0,0.8903389573097229,DL,1.2650120513779777,False
0.1122274398803711,0.9270834102521249,1.0,0.8916669487953186,DL,1.2678577474185397,False
0.11955814808607101,0.9179131417882813,1.0,0.8845648765563965,DL,1.2526390211922782,False
0.12193626910448074,0.9468651880081376,1.0,0.891772449016571,DL,1.2680838193212236,False
0.11346227675676346,0.9554487663100381,0.7873768041234885,0.8245812058448792,DL,1.1241025839533125,False
0.11070452630519867,0.9501708671803735,1.0,0.8990108370780945,DL,1.283594650881631,False
0.11627300828695297,0.9504271861635601,1.0,0.8960083723068237,DL,1.2771607978003365,False
0.10233359783887863,0.9456635449851198,0.7624506626040677,0.8191112875938416,DL,1.112381330558232,False
0.11011239886283875,0.9417242292652395,1.0,0.8970154523849487,DL,1.2793188265391757,False
0.12287378311157227,0.9368110382389319,1.0,0.8882696628570557,DL,1.260577848979405,False
0.10096805542707443,0.9490662109967619,1.0,0.9039049744606018,DL,1.294082088129861,False
0.10618548840284348,0.9381862491171307,1.0,0.8982053995132446,DL,1.281868713242667,False
0.11691080033779144,0.9277310619256616,1.0,0.889114260673523,DL,1.2623877014432634,False
0.10105211287736893,0.9413323934393003,1.0,0.9018261432647705,DL,1.2896274498530795,False
0.09936517477035522,0.9493791460653813,1.0,0.904818058013916,DL,1.2960386957441057,False
0.09465042501688004,0.9469917120302952,1.0,0.9066219925880432,DL,1.299904269831521,False
0.10139159858226776,0.946583163759336,1.0,0.9030336141586304,DL,1.2922148874827792,False
0.1142839714884758,0.9189366159237279,1.0,0.888062596321106,DL,1.2601341349737984,False
0.12250427156686783,0.9502195638825945,1.0,0.8924130797386169,DL,1.2694565994398934,False
0.10921742022037506,0.9409940661525357,1.0,0.897308886051178,DL,1.27994761296681,False
0.11244092881679535,0.9457278369680391,1.0,0.8968343138694763,DL,1.2789306725774492,False
0.12099409103393555,0.9313177124975577,1.0,0.88775235414505,DL,1.2594693303108215,False
0.11353422701358795,0.9359779752083393,1.0,0.8934736847877502,DL,1.271729324545179,False
0.12338685989379883,0.9330942421144379,1.0,0.8868496417999268,DL,1.2575349467141288,False
0.11916988343000412,0.9420549798228377,1.0,0.8919814229011536,DL,1.268531620502472,False
0.12752945721149445,0.9470521701460104,1.0,0.8885461688041687,DL,1.2611703617232186,False
0.13076645135879517,0.9333713360026009,1.0,0.8824161291122437,DL,1.2480345623833793,False
0.13376015424728394,0.9438597733981436,1.0,0.8838099837303162,DL,1.2510213937078203,False
0.11245527863502502,0.9603487382440715,0.7959275854629871,0.8311913013458252,DL,1.1382670743124825,False
0.11855680495500565,0.9361795141359501,1.0,0.8906301259994507,DL,1.265635984284537,False
0.1273297220468521,0.9507215228751502,1.0,0.88974928855896,DL,1.2637484754834856,False
0.1292562186717987,0.9253751814077973,0.9530857559263046,0.8652785420417786,DL,1.211311161518097,False
0.10709664970636368,0.9522830114565828,1.0,0.901523232460022,DL,1.2889783552714755,False
0.12169839441776276,0.9112928404003732,1.0,0.8811834454536438,DL,1.2453930974006653,False
0.12429136782884598,0.9293194858455183,1.0,0.8851578235626221,DL,1.2539096219199044,False
0.12709730863571167,0.9273881311035983,1.0,0.8828372359275818,DL,1.2489369341305323,False
0.12142874300479889,0.9096943981423279,1.0,0.8808503150939941,DL,1.2446792466299874,False
0.1139182522892952,0.942746355202446,1.0,0.8951749205589294,DL,1.2753748297691345,False
0.11707157641649246,0.9308188644100508,1.0,0.8899296522140503,DL,1.2641349690301078,False
0.10817745327949524,0.9434013608079584,1.0,0.8985426425933838,DL,1.2825913769858224,False
0.12317191064357758,0.9464297778867697,0.6843556047280606,0.7601170539855957,DL,0.9859651156834195,False
0.11812019348144531,0.937177675908634,0.7225450727896768,0.7808186411857605,DL,1.0303256596837724,False
0.11549687385559082,0.9008565110578062,1.0,0.8817997574806213,DL,1.2467137660299028,False
0.11494787782430649,0.9133112483580156,1.0,0.8859720826148987,DL,1.2556544627462114,False
0.10426881909370422,0.9191599366384855,0.8814602302617123,0.8552325367927551,DL,1.1897840074130466,False
0.09703907370567322,0.9158048188978596,1.0,0.8970785140991211,DL,1.279453958783831,False
0.10743077844381332,0.9108613720305264,1.0,0.8897309899330139,DL,1.2637092641421726,False
0.10332955420017242,0.9095160562284934,1.0,0.8917331099510193,DL,1.2679995213236128,False
0.10986632853746414,0.9438421196128353,1.0,0.8977364897727966,DL,1.2808639066559928,False
0.10770412534475327,0.9203110402243299,1.0,0.8923242092132568,DL,1.269266162599836,False
0.10742656141519547,0.9463167389159802,0.8762769345468179,0.8609517812728882,DL,1.2020395312990462,False
0.11897536367177963,0.9461525132207316,1.0,0.8932713866233826,DL,1.2712958284786768,False
0.12165681272745132,0.9524267042922768,1.0,0.8935319185256958,DL,1.271854111126491,False
0.11279675364494324,0.9318017335463614,1.0,0.8926998972892761,DL,1.2700712084770203,False
0.1120171919465065,0.9198600422516734,1.0,0.8896796703338623,DL,1.263599293572562,False
0.12068098038434982,0.9237003415048283,1.0,0.8856452703475952,DL,1.254954150744847,False
0.1147298812866211,0.9159323990126857,1.0,0.8868954181671143,DL,1.2576330389295305,False
0.10912079364061356,0.9289245223098922,1.0,0.893979012966156,DL,1.2728121706417628,False
0.11565825343132019,0.9460655264813178,1.0,0.8951296210289001,DL,1.2752777593476432,False
0.12407839298248291,0.9427195968171649,1.0,0.8893072605133057,DL,1.262801272528512,False
0.12414082139730453,0.940901953449938,1.0,0.888732373714447,DL,1.2615693722452437,False
0.11998628079891205,0.9112414178779018,1.0,0.8822386860847473,DL,1.2476543273244585,False
0.1199255883693695,0.9292483214175907,1.0,0.8877725601196289,DL,1.2595126288277763,False
0.1178814172744751,0.9333333190393369,0.8785955586557002,0.8492197394371033,DL,1.1768994416509355,False
0.12022817134857178,0.9264768247743105,1.0,0.8867592811584473,DL,1.2573413167681013,False
0.10485674440860748,0.937976490392369,1.0,0.8988748788833618,DL,1.2833033118929182,False
0.11891067028045654,0.936241220973613,1.0,0.8904412388801575,DL,1.265231226171766,False
0.11313370615243912,0.9327303902463966,1.0,0.8927730321884155,DL,1.2702279261180331,False
0.11157844960689545,0.935119373970927,1.0,0.894342303276062,DL,1.2735906498772758,False
0.11136501282453537,0.9313152832080711,1.0,0.8933810591697693,DL,1.271530841078077,False
0.11747732758522034,0.9324961881474243,1.0,0.8901839256286621,DL,1.2646798406328474,False
0.10473816096782684,0.9448749287028747,1.0,0.9008042216300964,DL,1.287437617778778,False
0.12019690871238708,0.9213866391196219,1.0,0.8852358460426331,DL,1.2540768129484994,False
0.12183564156293869,0.9243988122349257,1.0,0.8851550221443176,DL,1.2539036188806807,False
0.12007541209459305,0.9428883126071399,1.0,0.8916984796524048,DL,1.2679253135408675,False
0.12168578058481216,0.9297535061286891,1.0,0.8868681192398071,DL,1.257574541228158,False
0.10642430931329727,0.9466155800082561,0.7966664246929789,0.8307985067367554,DL,1.1374253715787614,False
0.11868198961019516,0.9277055245456611,0.7568724270195336,0.7927592992782593,DL,1.0559127841676985,False
0.10000791400671005,0.9185574378757544,0.7464143386319106,0.8013677000999451,DL,1.0743593573570251,False
0.11468509584665298,0.9363487955756423,0.5796425771308158,0.7026315331459045,DL,0.862781856741224,False
0.10794547200202942,0.9292004454889545,0.9449433934205838,0.8781209588050842,DL,1.2388306260108948,False
0.10738670080900192,0.9299991201821058,1.0,0.8952637314796448,DL,1.2755651388849532,False
0.1006985753774643,0.9224662491886134,1.0,0.8968961834907532,DL,1.2790632503373283,False
0.0914461612701416,0.9479967144781672,1.0,0.908487856388092,DL,1.3039025494030543,False
0.106480173766613,0.9253701505798444,1.0,0.8944690227508545,DL,1.2738621916089738,False
0.10426048189401627,0.9392614375458817,1.0,0.8995484709739685,DL,1.2847467235156467,False
0.09907558560371399,0.9487587542921493,1.0,0.9048073291778564,DL,1.296015705381121,False
0.10021743178367615,0.9381959902289977,1.0,0.9014357924461365,DL,1.2887909838131495,False
0.09806306660175323,0.9523390236498535,1.0,0.9062458872795105,DL,1.2990983298846652,False
0.09461498260498047,0.9385431157140748,1.0,0.904472291469574,DL,1.2952977674348014,False
0.11557053029537201,0.9336453177481403,1.0,0.8916308879852295,DL,1.2677804742540633,False
0.10083383321762085,0.920065689464543,1.0,0.8961528539657593,DL,1.2774704013551985,False
0.1034104973077774,0.9263755573305461,1.0,0.8964753150939941,DL,1.2781613894871302,False
0.10490915179252625,0.9373283227947738,1.0,0.898669421672821,DL,1.2828630464417594,False
0.10779914259910583,0.9219118002867827,1.0,0.892730176448822,DL,1.2701360923903329,False
0.0952983871102333,0.9194596646618897,1.0,0.8990383744239807,DL,1.2836536594799586,False
0.09938526898622513,0.924833207187952,1.0,0.8982732892036438,DL,1.2820141911506653,False
0.11369999498128891,0.9237766679978376,1.0,0.8898419141769409,DL,1.2639469589505876,False
0.10586883127689362,0.9280085191895879,1.0,0.8955573439598083,DL,1.2761943084853036,False
0.1224951222538948,0.9476904745566568,0.9067455439155216,0.8615631461143494,DL,1.2033495988164629,False
0.09901092201471329,0.951576046801039,1.0,0.9055660367012024,DL,1.2976415072168623,False
0.11360461264848709,0.924786026461422,0.9683614791011133,0.8805670738220215,DL,1.2440723010471888,False
0.11289278417825699,0.9443766870727799,1.0,0.8962067365646362,DL,1.2775858640670776,False
0.10964836180210114,0.9283434283095736,1.0,0.8935128450393677,DL,1.2718132393700736,False
0.10184179246425629,0.9476523850258802,1.0,0.903078019618988,DL,1.2923100420406886,False
0.10040944814682007,0.9631325626674171,1.0,0.907789409160614,DL,1.3024058767727442,False
0.10901137441396713,0.9495570988804327,1.0,0.8997635245323181,DL,1.285207552569253,False
0.09573658555746078,0.9481829027887643,1.0,0.9063724875450134,DL,1.2993696161678858,False
0.09547600150108337,0.9447676978903988,1.0,0.9056330323219299,DL,1.2977850692612785,False
0.09277919679880142,0.9506541217346538,1.0,0.9084857106208801,DL,1.3038979513304574,False
0.09133943170309067,0.959264769200418,1.0,0.9113115072250366,DL,1.3099532297679355,False
0.09939708560705185,0.9579303787374334,1.0,0.9069884419441223,DL,1.3006895184516907,False
0.08244337886571884,0.9559103921828007,1.0,0.914750337600708,DL,1.317322152001517,False
0.09616076201200485,0.9553537988581683,1.0,0.9079697132110596,DL,1.3027922425951277,False
0.09442637860774994,0.9539521701251723,1.0,0.9084866046905518,DL,1.3038998671940394,False
0.09442081302404404,0.9564484927137363,1.0,0.9091101288795471,DL,1.3052359904561723,False
0.10248658806085587,0.9456411623042045,1.0,0.9022077918052673,DL,1.2904452681541443,False
0.0937773659825325,0.9432537894723955,1.0,0.9061148166656494,DL,1.2988174642835344,False
0.07982119917869568,0.945224350447124,1.0,0.913468599319458,DL,1.314575569970267,False
0.08677231520414352,0.928244146398948,1.0,0.9058594107627869,DL,1.2982701659202576,False
0.09427793323993683,0.9425378451702349,1.0,0.9056756496429443,DL,1.2978763920920235,False
0.10051652044057846,0.9460699308961794,1.0,0.9033581018447876,DL,1.2929102182388306,False
0.09749963134527206,0.9444304709220971,1.0,0.9045029282569885,DL,1.295363417693547,False
0.09827417135238647,0.9454410514781564,1.0,0.9043632745742798,DL,1.295064159802028,False
0.0944892093539238,0.94492696380086,1.0,0.9061784148216248,DL,1.2989537460463387,False
0.0943029448390007,0.9503126750083286,1.0,0.9076368808746338,DL,1.3020790304456438,False
0.09226713329553604,0.9461733471318458,1.0,0.9076198935508728,DL,1.3020426290375846,False
0.09898195415735245,0.9483176590472779,1.0,0.9047417640686035,DL,1.295875208718436,False
0.09885656088590622,0.9468164491119749,1.0,0.904417872428894,DL,1.295181155204773,False
0.10934919118881226,0.9386316790750193,1.0,0.896580696105957,DL,1.2783872059413364,False
0.10973061621189117,0.91663224428262,0.8147723107759529,0.8228572010993958,DL,1.1204082880701338,False
0.11263271421194077,0.9284436755314082,1.0,0.8918260931968689,DL,1.2681987711361475,False
0.14183290302753448,0.9168797209041866,1.0,0.8698506355285645,DL,1.2211085047040666,False
0.12717176973819733,0.9095351896100161,0.9677029624966571,0.8663055300712585,DL,1.213511850152697,False
0.13768573105335236,0.9472511138095001,0.726148010279964,0.7674700021743774,DL,1.0017214332308089,False
0.11829361319541931,0.9496740651603643,1.0,0.8946605920791626,DL,1.2742726973124912,False
0.1356869637966156,0.9244856326483648,1.0,0.876460611820221,DL,1.2352727396147591,False
0.1033775806427002,0.9644227120797008,0.8151324247617897,0.8479222059249878,DL,1.1741190126964023,False
0.10288708657026291,0.9757918890552759,1.0,0.9097059965133667,DL,1.3065128496715,False
0.10382939130067825,0.9467620011467696,1.0,0.9017928838729858,DL,1.2895561797278268,False
0.09048935770988464,0.9718802451000694,1.0,0.9147217869758606,DL,1.31726097209113,False
0.09318335354328156,0.9599095815802559,1.0,0.9105709195137024,DL,1.3083662561007907,False
0.10417836159467697,0.9673638431615189,1.0,0.9069557785987854,DL,1.3006195255688258,False
0.10898932814598083,0.9663248226541153,1.0,0.9042214751243591,DL,1.2947603038379123,False
0.09664943069219589,0.967108784507866,1.0,0.9106360673904419,DL,1.308505858693804,False
0.10271397978067398,0.9334093198669391,0.7422401867587909,0.8038702607154846,DL,1.079721987247467,False
0.11858734488487244,0.9505110683257074,0.9478238106666018,0.8790513873100281,DL,1.2408244013786316,False
0.1012631431221962,0.9308591150553226,0.7458911086477622,0.8057564496994019,DL,1.0837638207844325,False
0.11488950252532959,0.9274087377168334,0.5471187939892423,0.6757356524467468,DL,0.8051478266716003,False
0.11665597558021545,0.9600501008704184,0.2235859276883524,0.4628111720085144,FALLBACK,0.34888108287538805,False
0.11898703128099442,0.9230661869954555,0.527380463945737,0.6541688442230225,DL,0.7589332376207625,False
0.1224440485239029,0.9095715738165122,0.41471483721767965,0.559268057346344,DL,0.5555744085993086,False
0.12699201703071594,0.9160680866178054,0.9420730605957319,0.8596599102020264,DL,1.1992712361471993,False
0.10222812741994858,0.9404366273296821,0.7193023759990771,0.7967079877853394,DL,1.064374259540013,False
0.08361320942640305,0.9503840096417496,0.6039979328876266,0.7615985870361328,DL,0.9891398293631417,False
0.0969194769859314,0.9129017410760557,0.775654340562926,0.8151983022689819,DL,1.1039963620049613,False
0.08907140046358109,0.9433784823430343,0.6723464410062835,0.7879718542098999,DL,1.0456539733069283,False
0.0922020971775055,0.9490709775062406,1.0,0.9083786606788635,DL,1.3036685585975647,False
0.08713255077600479,0.9559833099919549,1.0,0.9125480651855469,DL,1.3126029968261719,False
0.0812009945511818,0.9512605668526997,1.0,0.9142424464225769,DL,1.3162338137626648,False
0.08465113490819931,0.9511891665103824,1.0,0.9125884771347046,DL,1.3126895938600813,False
0.09456755965948105,0.917355551230584,1.0,0.8988632559776306,DL,1.2832784056663513,False
0.0833611786365509,0.9225750328928146,1.0,0.9061540961265564,DL,1.2989016345569064,False
0.09343399852514267,0.922823728901741,0.6991917487608148,0.786749005317688,DL,1.0430335828236172,False
0.09868759661912918,0.9232003315307797,0.8253464389476751,0.8393650054931641,DL,1.1557821546282088,False
0.12664081156253815,0.930084132896584,0.48083675444105667,0.6160733699798584,DL,0.6773000785282681,False
0.12103172391653061,0.9138749290507288,1.0,0.8824077248573303,DL,1.2480165532657077,False
0.12824203073978424,0.9006724672554585,0.9540711348756062,0.8575117588043213,DL,1.1946680545806885,False
0.09490902721881866,0.9579115331680357,0.6512556678273731,0.7786893248558044,DL,1.025762838976724,False
0.10627520084381104,0.9100242769858888,0.9129903574240471,0.8619271516799927,DL,1.2041296107428414,False
0.12378937751054764,0.9002480575840855,0.5307706269549378,0.6342090368270874,DL,0.7161622217723302,False
0.10589637607336044,0.9275424421085244,0.6211455816170417,0.7331538200378418,DL,0.9281867572239468,False
0.10366973280906677,0.9100056129032088,0.6139364426065528,0.7210759520530701,DL,0.902305611542293,False
0.11740725487470627,0.9265075441544117,0.41557029482589225,0.5797597765922546,DL,0.5994852355548315,False
0.10331074148416519,0.948426302239448,0.45893315519951583,0.6461619734764099,DL,0.7417756574494498,False
0.11200882494449615,0.9233371307292999,0.41592618173146656,0.5855826735496521,DL,0.6119628718921117,False
0.10990524291992188,0.9298990915726792,0.6781970364821182,0.7622135877609253,DL,0.9904576880591256,False
0.10976973176002502,0.9386127273645373,0.5363040030637701,0.6826828122138977,DL,0.8200345976012093,False
0.09016875177621841,0.9143084129765663,0.7219239316450179,0.797005295753479,DL,1.0650113480431695,False
0.09657487273216248,0.9150784347946278,1.0,0.8971344232559204,DL,1.2795737641198295,False
0.12482582032680511,0.9397946291639843,0.35828422794628734,0.5362558960914612,DL,0.5062626344817025,False
0.15025663375854492,0.8950368182281168,0.4618351644946402,0.5421679615974426,DL,0.5189313462802343,False
0.12356262654066086,0.8963589943200869,0.5659550888065189,0.6560099720954895,DL,0.7628785116331918,False
0.10652188211679459,0.9352039039973506,0.5101176440151974,0.6674845814704895,DL,0.7874669602939062,False
0.115486279129982,0.949244212651546,0.9261356534933177,0.8736051917076111,DL,1.2291539822305952,False
0.10755766183137894,0.9179621351367542,0.8130264407906574,0.8245692253112793,DL,1.1240769113813127,False
0.12577232718467712,0.943276168916416,0.6382385594232676,0.7290695309638977,DL,0.9194347092083524,False
0.11651362478733063,0.9614068499064315,1.0,0.8989067077636719,DL,1.2833715166364397,False
0.12377749383449554,0.9134647132505945,0.9632392923592723,0.8684638738632202,DL,1.2181368725640433,False
0.11812520027160645,0.9205717194372965,0.8019805914787519,0.8113648891448975,DL,1.0957819053104945,False
0.11817046999931335,0.9115411317138696,0.9131539669710215,0.8538421392440796,DL,1.1868045840944563,False
0.11131814867258072,0.8893422107879598,1.0,0.8808090686798096,DL,1.2445908614567347,False
0.12022765725851059,0.9251281568084866,0.990739492105302,0.8835240006446838,DL,1.2504085728100367,False
0.1050797700881958,0.9339118707451658,1.0,0.8976381421089172,DL,1.2806531616619654,False
0.10793524235486984,0.9271097628844147,0.6365289272226369,0.7394865155220032,DL,0.941756818975721,False
0.111293725669384,0.9644508949187922,0.6271711298417102,0.7515882253646851,DL,0.9676890543528966,False
0.11450181901454926,0.9634505385510372,1.0,0.9005488753318787,DL,1.28689044713974,False
0.10869134217500687,0.954398971655559,0.37099308305723705,0.5803049206733704,DL,0.6006534014429366,False
0.11534158140420914,0.9331867410815624,0.9937408686424165,0.8898029923439026,DL,1.2638635550226485,False
0.12223878502845764,0.9382673829360554,0.6066092762118273,0.7111948728561401,DL,0.8811318704060147,False
0.09667090326547623,0.9511932193429459,1.0,0.90666264295578,DL,1.2999913777623857,False
0.09642524272203445,0.9469680306307988,1.0,0.9057103991508484,DL,1.2979508553232466,False
0.12593525648117065,0.9244579716392112,0.6848649978473142,0.7450443506240845,DL,0.9536664656230383,False
0.12903594970703125,0.9022385921586551,0.8832152402182687,0.8295077681541443,DL,1.134659503187452,False
0.12290158867835999,0.9286941420250721,1.0,0.8858130574226379,DL,1.2553136944770813,False
0.11137896031141281,0.9195681578868892,0.7396429556298663,0.7874054312705994,DL,1.0444402098655703,False
0.10591097176074982,0.9366541630872178,1.0,0.8979354500770569,DL,1.2812902501651218,False
0.10979991406202316,0.9158793201592866,0.556282710935209,0.680850625038147,DL,0.8161084822246008,False
0.10393358021974564,0.9319364500205947,0.42240209293254355,0.6081186532974243,DL,0.6602542570659093,False
0.10390911251306534,0.9095857197868771,0.8972804220884312,0.8578004240989685,DL,1.1952866230692183,False
0.09878437966108322,0.9247335538594439,1.0,0.8985750675201416,DL,1.2826608589717319,False
0.10800687223672867,0.9167808234592998,1.0,0.891126275062561,DL,1.266699160848345,False
0.11491318792104721,0.9290112855338355,1.0,0.8906648755073547,DL,1.2657104475157601,False
0.10466410219669342,0.9116893761986398,1.0,0.8915894031524658,DL,1.2676915781838554,False
0.10665692389011383,0.9176066795666931,1.0,0.8921482563018799,DL,1.2688891206468855,False
0.11314381659030914,0.9261576975858103,1.0,0.8908649682998657,DL,1.2661392177854265,False
0.11024182289838791,0.9232562101651787,1.0,0.8917086124420166,DL,1.267947026661464,False
0.11112698912620544,0.9365286368568556,1.0,0.8949960470199585,DL,1.2749915293284824,False
0.11300316452980042,0.8894399927005866,0.5296657813469916,0.6409052610397339,DL,0.7305112736565726,False
0.11063341051340103,0.9118728765669456,0.416539458915916,0.5796735882759094,DL,0.5993005463055203,False
0.10514133423566818,0.9263746228004319,0.4648188910498937,0.6324471235275269,DL,0.7123866932732719,False
0.1068863645195961,0.9162117772206346,0.9746956209911242,0.8840546607971191,DL,1.2515457017081124,False
0.11552262306213379,0.9579187316333652,1.0,0.8984953761100769,DL,1.2824900916644504,False
0.11604157090187073,0.8965877794692856,0.6557037236232405,0.7232462763786316,DL,0.9069563065256392,False
0.10601992160081863,0.9310197431004413,0.5526208284323615,0.6931312084197998,DL,0.8424240180424283,False
0.10905991494655609,0.9170228757934121,0.2450740767388617,0.4580807685852051,FALLBACK,0.33874450411115375,False
0.09701567888259888,0.9385994430613886,0.9063075450573366,0.8757324814796448,DL,1.2337124603135246,False
0.09832655638456345,0.9394917291931888,0.6865236971695272,0.7838226556777954,DL,1.036762833595276,False
0.09575769305229187,0.9190161361158198,0.9138086984027737,0.8725755214691162,DL,1.226947546005249,False
0.09477004408836365,0.9234409284406663,0.17314828852638914,0.43073442578315735,FALLBACK,0.2801451981067658,False
0.123639315366745,0.8784484306294599,0.47001979471500493,0.5753139853477478,DL,0.5899585400308882,False
0.09943871200084686,0.9220512500229077,0.5310939962374425,0.6819614768028259,DL,0.8184888788631985,False
0.09601977467536926,0.9448384377066128,0.4587139126194663,0.6535171270370483,DL,0.7575367007936751,False
0.14060282707214355,0.8808592263037662,0.20548303012494115,0.3578764498233795,FALLBACK,0.12402096390724186,False
0.09577871859073639,0.8572782011346907,0.2843556923917922,0.4626263678073883,FALLBACK,0.348485073872975,False
0.10093587636947632,0.9117444965630583,0.9161860375606214,0.8674011826515198,DL,1.2158596771103996,False
0.09996061772108078,0.936032960486272,0.6454343592131673,0.7585296034812927,DL,0.9825634360313418,False
0.09320255368947983,0.9106843159994166,0.49051419006362634,0.6557422280311584,DL,0.7623047743524825,False
0.08986315131187439,0.9062096646454387,0.5462391744580702,0.693846583366394,DL,0.8439569643565588,False
0.10510646551847458,0.9219082564625147,1.0,0.8942664861679077,DL,1.2734281846455164,False
0.10204615443944931,0.9073261382223146,0.978986820622102,0.8856095671653748,DL,1.254877643925803,False
0.0937737300992012,0.9147246004493746,1.0,0.8985784649848938,DL,1.2826681392533439,False
0.0973292663693428,0.8967419335963037,1.0,0.8915088772773743,DL,1.2675190227372306,False
0.09026147425174713,0.9015989875852642,1.0,0.896898090839386,DL,1.27906733751297,False
0.10536754131317139,0.9110794821196897,0.6660998381018707,0.7501345276832581,DL,0.9645739878926959,False
0.1372876912355423,0.8763458941133387,1.0,0.8587938547134399,DL,1.1974154029573714,False
0.10673917084932327,0.90416841797203,0.6908215650099304,0.7585107088088989,DL,0.9825229474476407,False
0.11548854410648346,0.8825558411199027,0.7103915937797142,0.747610330581665,DL,0.959164994103568,False
0.10097730904817581,0.9268864853143343,0.7007453004237567,0.7819435000419617,DL,1.0327360715184892,False
0.09986672550439835,0.8937615224811216,0.8147003070722274,0.82144695520401,DL,1.1173863325800215,False
0.12938080728054047,0.8883437140213821,0.4341933171237936,0.547685444355011,DL,0.5307545236178808,False
0.09860081970691681,0.9442606389857104,0.9698556988015832,0.8957380056381226,DL,1.2765814406531197,False
0.09656490385532379,0.9279028332354619,0.06699090038856699,0.35555464029312134,FALLBACK,0.11904565777097433,False
0.12020116299390793,0.8887073654501856,0.4716121547802838,0.5889795422554016,DL,0.619241876261575,False
0.10902547091245651,0.9093883915415181,1.0,0.8883512020111084,DL,1.2607525757380893,False
0.12235663831233978,0.9279326994354965,0.8004099232076027,0.8101346492767334,DL,1.0931456770215715,False
0.13108700513839722,0.885019314367187,0.37803967224344387,0.5006630420684814,DL,0.42999223300388884,False
0.10434182733297348,0.9342632953130114,0.19222453827887015,0.43866297602653503,FALLBACK,0.2971349486282894,False
0.10997480899095535,0.9480236065958756,0.2073958738963832,0.45175227522850037,FALLBACK,0.3251834469182151,False
0.11700493842363358,0.899971004875159,0.3163908224314048,0.48676633834838867,FALLBACK,0.40021358217511865,False
0.09415256977081299,0.8980692959434637,0.33964162771410084,0.5369859337806702,DL,0.507827000958579,False
0.13205480575561523,0.9073730225850706,0.21836856378981107,0.39768826961517334,FALLBACK,0.20933200631822863,False
0.13665008544921875,0.8966266112872119,0.7160788931508126,0.7346243858337402,DL,0.9313379696437292,False
0.12899596989154816,0.8709448561904138,0.8983546746206376,0.8225790858268738,DL,1.1198123267718723,False
0.12332607805728912,0.9007315254317596,0.7191865667948146,0.7539505958557129,DL,0.9727512768336706,False
0.12818977236747742,0.8855072775492736,0.471220759180715,0.5746973156929016,DL,0.5886371050562178,False
0.11897488683462143,0.9391740108885221,0.9880321792414308,0.8877304792404175,DL,1.2594224555151803,False
0.1259760558605194,0.8731720602642344,0.5556235504717844,0.6296061277389526,DL,0.7062988451548986,False
0.11501339823007584,0.9020910082335364,0.6467061481769779,0.7223820686340332,DL,0.905104432787214,False
0.09259605407714844,0.8995189777384174,0.7451967199345262,0.7987607717514038,DL,1.0687730823244368,False
0.09945490956306458,0.9540524971309992,0.4243723902633404,0.6314732432365417,DL,0.7102998069354467,False
0.13200826942920685,0.9162373217927859,0.36177873973091174,0.5104973316192627,DL,0.45106571061270584,False
0.08244059979915619,0.9737266108848233,0.1464736212491341,0.466538667678833,FALLBACK,0.35686857359749935,False
0.10489026457071304,0.8681068942063832,0.5569292340066422,0.6560551524162292,DL,0.7629753266062056,False
0.10765735805034637,0.8719612115978492,0.9090887998245604,0.8451690673828125,DL,1.1682194301060267,False
0.11746784299612045,0.919720907767622,1.0,0.8863866329193115,DL,1.256542784827096,False
0.11819007992744446,0.9047244468163851,1.0,0.881324052810669,DL,1.2456943988800049,False
0.09135806560516357,0.9199935291654125,0.7397961785842815,0.8070909380912781,DL,1.0866234387670244,False
0.10360635817050934,0.9349315400943337,0.6671207197443524,0.7657588124275208,DL,0.998054598058973,False
0.1013370156288147,0.9075805641923512,0.817651716628777,0.8274514079093933,DL,1.1302530169487,False
0.10853979736566544,0.9336044320684018,0.9281404853119667,0.873690664768219,DL,1.2293371387890406,False
0.09501370042562485,0.8861158257372835,0.6940468775812187,0.7632177472114563,DL,0.9926094583102636,False
0.12134546786546707,0.8936777451369219,0.72769071935106,0.7569499015808105,DL,0.9791783605303084,False
0.1085389107465744,0.9347280381383879,1.0,0.895943820476532,DL,1.2770224724497115,False
0.10218063741922379,0.9067495011665737,0.4891118074713416,0.6398001313209534,DL,0.7281431385449002,False
0.12588080763816833,0.8983160176787744,0.5347432991100844,0.632716953754425,DL,0.7129649009023394,False
0.10108832269906998,0.8743023781647021,0.9497307368985843,0.8659443259239197,DL,1.212737841265542,False
0.09870962053537369,0.8830422052172258,1.0,0.8866394758224487,DL,1.2570845910481043,False
0.11225681751966476,0.8805258660771642,0.5817123954303343,0.671101450920105,DL,0.7952173948287964,False
0.11506593227386475,0.9423314460466619,0.6294279474320937,0.73592209815979,DL,0.9341187817709786,False
0.11087223887443542,0.9377305749305362,0.8016272893090283,0.8253231048583984,DL,1.125692367553711,False
0.11300753057003021,0.9301317890598623,0.9256498102477037,0.8686752915382385,DL,1.2185899104390825,False
0.11034455895423889,0.8960020267772895,1.0,0.8834933638572693,DL,1.2503429225512912,False
0.12453016638755798,0.8764283274285689,1.0,0.8678522109985352,DL,1.2168261664254325,False
0.11014648526906967,0.9185276868945038,0.7825899963979442,0.8088369965553284,DL,1.0903649926185608,False
0.11371339857578278,0.8823792038763615,1.0,0.8770572543144226,DL,1.2365512592451913,False
0.11277495324611664,0.9160148429275529,1.0,0.8880913257598877,DL,1.2601956980569022,False
0.11967190355062485,0.9124202164481534,1.0,0.8828008770942688,DL,1.2488590223448617,False
0.107494056224823,0.8711572282520587,1.0,0.8774503469467163,DL,1.2373936006001063,False
0.113926000893116,0.904054845826904,1.0,0.8837679028511047,DL,1.2509312203952243,False
0.10899104923009872,0.916131737932169,1.0,0.8903620839118958,DL,1.2650616083826338,False
0.08943520486354828,0.922292089868245,0.7464490735569614,0.8129979372024536,DL,1.0992812940052576,False
0.10290159285068512,0.909555863284796,1.0,0.8919922113418579,DL,1.2685547385896956,False
0.10288479924201965,0.9145142547461602,1.0,0.8934266567230225,DL,1.2716285501207625,False
0.08998823910951614,0.9017158202951867,0.6532244306857925,0.7548943758010864,DL,0.9747736624308996,False
0.08730142563581467,0.9206606671413969,0.92174033071357,0.8811526894569397,DL,1.245327191693442,False
0.07793519645929337,0.9326896191005623,1.0,0.9113680720329285,DL,1.310074440070561,False
0.10115233808755875,0.9353606695884356,0.7498569160006228,0.8098037242889404,DL,1.0924365520477295,False
0.08601883798837662,0.9423479902242269,1.0,0.9097779989242554,DL,1.3066671405519759,False
0.08453312516212463,0.9236883988319764,1.0,0.9058396816253662,DL,1.2982278891972132,False
0.09751231968402863,0.9029225853357762,1.0,0.8931844830513,DL,1.2711096065385001,False
0.0922902449965477,0.9147568025525927,1.0,0.8993954062461853,DL,1.284418727670397,False
0.07876665145158768,0.9379854740506652,1.0,0.9122444987297058,DL,1.311952497277941,False
0.0871666669845581,0.9261013513132049,1.0,0.9051068425178528,DL,1.296657519681113,False
0.08529000729322433,0.9298344332569889,1.0,0.9070183038711548,DL,1.3007535082953317,False
0.0899605080485344,0.9307179503891341,1.0,0.9048562049865723,DL,1.2961204392569405,False
0.09943289309740067,0.9293162520843923,1.0,0.899469792842865,DL,1.2845781275204249,False
0.10393849015235901,0.9194986389198222,1.0,0.8942456245422363,DL,1.273383481161935,False
0.09383301436901093,0.919214953343127,0.8321556340863673,0.8443701267242432,DL,1.1665074144090926,False
0.09291022270917892,0.9284993890551914,0.994546176391318,0.9012928009033203,DL,1.2884845733642578,False
0.092344731092453,0.9411360734585084,1.0,0.9063054323196411,DL,1.299225926399231,False
0.10050645470619202,0.9164014499861386,1.0,0.8953096270561218,DL,1.2756634865488325,False
0.10945997387170792,0.9162410765571661,1.0,0.890119194984436,DL,1.2645411321095057,False
0.11473813652992249,0.9304182496366813,1.0,0.8911771774291992,DL,1.266808237348284,False
0.10496607422828674,0.9028824139088907,0.9700043980494171,0.8796225190162659,DL,1.2420482550348555,False
0.10492704808712006,0.9466586483560673,1.0,0.9011805057525635,DL,1.2882439408983504,False
0.11581850051879883,0.9293016074665323,1.0,0.8902199864387512,DL,1.264757113797324,False
0.12122172862291336,0.9370755336052292,1.0,0.8893277645111084,DL,1.262845209666661,False
0.11851600557565689,0.8999493462967042,0.4577141498567114,0.5894982814788818,DL,0.6203534603118898,False
0.11900452524423599,0.9277824208007337,0.966505702344214,0.8774858117103577,DL,1.237469596522195,False
0.11459621787071228,0.9239388919181799,0.6792797363903673,0.7543736100196838,DL,0.9736577357564654,False
0.12493022531270981,0.9438365449735855,0.6209076231103147,0.720037579536438,DL,0.9000805275780815,False
0.13391558825969696,0.954715194570005,1.0,0.8870192170143127,DL,1.2578983221735274,False
0.11376990377902985,0.9442611298850822,0.5444679348663615,0.6864479184150696,DL,0.8281026823180062,False
0.12339673936367035,0.9370101535582742,1.0,0.8880172371864319,DL,1.2600369368280684,False
0.105165995657444,0.9441734455774028,1.0,0.9003860950469971,DL,1.2865416322435652,False
0.10506831109523773,0.9508909506878609,0.8856433293636198,0.8675180673599243,DL,1.216110144342695,False
0.11990252137184143,0.9590726350799272,1.0,0.8963953852653503,DL,1.2779901112828935,False
0.13192397356033325,0.9384440047139846,0.8012333017344145,0.8065090775489807,DL,1.0853765947478158,False
0.12177230417728424,0.9334305303014212,1.0,0.8879185914993286,DL,1.259825553212847,False
0.1283041536808014,0.9435121667552901,0.9491994455961276,0.8708288669586182,DL,1.2232047149113245,False
0.10759441554546356,0.9520462972508829,0.8104211816111456,0.8377841711044312,DL,1.1523946523666382,False
0.1312587857246399,0.9558002875130703,0.9119688232203609,0.8600555658340454,DL,1.200119069644383,False
0.13320152461528778,0.9260065434970335,1.0,0.8785539269447327,DL,1.23975841488157,False
0.12236295640468597,0.9321394647797807,0.8426671554173885,0.830649733543396,DL,1.1371065718787057,False
0.12866412103176117,0.9089077094789094,1.0,0.8759620785713196,DL,1.234204454081399,False
0.11827664822340012,0.9066357737615987,0.6587980322561398,0.7284234762191772,DL,0.9180503061839513,False
0.09334522485733032,0.9171127327923047,0.5471367710684326,0.6969200372695923,DL,0.8505429370062692,False
0.12198252230882645,0.8975206274221932,0.9456444475311869,0.8578561544418335,DL,1.1954060452325004,False
0.09334039688110352,0.9230913439053459,0.9507842946461548,0.8871126174926758,DL,1.2580984660557337,False
0.08374252915382385,0.9100554858167383,1.0,0.9027101993560791,DL,1.2915218557630266,False
0.10072635114192963,0.9302362541009719,0.7276881344956044,0.7972851395606995,DL,1.065611013344356,False
0.09870009869337082,0.9226584218083713,0.8395536435228702,0.8448061943054199,DL,1.1674418449401855,False
0.08806677907705307,0.9157282376005605,1.0,0.9019233584403992,DL,1.2898357680865695,False
0.08398335427045822,0.9241994999092148,1.0,0.9062509536743164,DL,1.2991091864449638,False
0.09694703668355942,0.9173016795961813,1.0,0.8975431323051453,DL,1.2804495692253113,False
0.09968122094869614,0.9145332994372669,1.0,0.8952483534812927,DL,0.6672923010256556,True
0.08974310755729675,0.8979937201990449,1.0,0.8961833715438843,DL,0.6683404859569338,True
0.09591587632894516,0.885226150154327,0.9750536808262892,0.8813566565513611,DL,0.6517192677609506,True
0.10801740735769272,0.8872433990970477,0.9009877720033264,0.8476885557174683,DL,0.6139762578975587,True
0.09308265894651413,0.8933488808891387,0.8797986355063708,0.853327751159668,DL,1.0923831595314877,True
0.09570300579071045,0.9058704668559981,1.0,0.895049512386322,DL,1.27510609797069,False
0.09257808327674866,0.9077653823430364,0.8704267060472507,0.8555862903594971,DL,1.0968419819597217,True
0.09922584891319275,0.902470545656771,1.0,0.8920691609382629,DL,1.2687196305819919,False
0.10499078035354614,0.9032254454695143,0.7565445679934059,0.7940253019332886,DL,1.058625646999904,False
0.115269236266613,0.8846661492961405,0.42381844461824714,0.5581938624382019,DL,0.5532725623675756,False
0.09983127564191818,0.8824734251809835,0.8499455719042772,0.8317759037017822,DL,1.139519793646676,False
0.11578365415334702,0.8798190843954976,0.8489837120004111,0.8163337707519531,DL,1.1064295087541853,False
0.11321502178907394,0.9081073253966163,0.911775837703749,0.8557407855987549,DL,1.190873111997332,False
0.11984062194824219,0.9255347750972078,1.0,0.8867090344429016,DL,1.2572336452347892,False
0.11480765789747238,0.9322579499512487,1.0,0.8916710019111633,DL,1.2678664326667786,False
0.1086193174123764,0.9320133121793219,1.0,0.8951368927955627,DL,1.2752933417047774,False
0.11113473027944565,0.926686553192203,1.0,0.8921841382980347,DL,1.2689660106386458,False
0.13704639673233032,0.9302721674355126,0.8002089472808398,0.7972447276115417,DL,1.0655244163104467,False
0.12686991691589355,0.9115640412024075,0.950890505108948,0.8613014221191406,DL,1.2027887616838728,False
0.10729105025529861,0.9152450334494076,0.986534896203021,0.8871134519577026,DL,1.258100254195077,False
0.10662315040826797,0.9025593938183394,0.48892890215483337,0.6305840611457825,DL,0.7083944167409625,False
0.10376551747322083,0.9155054554845278,0.8017111128325803,0.8218677639961243,DL,1.1182880657059806,False
0.11464086174964905,0.9284216663578376,0.859065503285191,0.8421899080276489,DL,1.1618355172021049,False
0.12876003980636597,0.9057333101287559,1.0,0.8748605847358704,DL,1.2318441101482935,False
0.1169293224811554,0.9383722759377531,0.9665899786276851,0.8821872472763062,DL,1.2475441013063704,False
0.11708220839500427,0.9245883444586614,0.9547717888486724,0.8738662004470825,DL,1.2297132866723197,False
0.12962526082992554,0.9172696285757612,1.0,0.8780458569526672,DL,1.2386696934700012,False
0.12734392285346985,0.8875391653764081,1.0,0.8697274327278137,DL,1.220844498702458,False
0.12615206837654114,0.9462236146857644,0.8123792619824489,0.820375382900238,DL,1.1150901062147958,False
0.12713292241096497,0.9148946800383588,1.0,0.8788818120956421,DL,1.240461025919233,False
0.12011977285146713,0.9325494865929048,1.0,0.8886402249336243,DL,1.261371910572052,False
0.11496847122907639,0.918922969538408,1.0,0.887649655342102,DL,1.2592492614473616,False
0.1138891652226448,0.9370082115841485,0.8654188122884579,0.8486359715461731,DL,1.1756485104560852,False
0.11358150094747543,0.9421002957322531,0.6354805854940971,0.7410149574279785,DL,0.9450320516313826,False
0.11006179451942444,0.9224952312673653,0.9676521869603707,0.8818501234054565,DL,1.2468216930116927,False
0.10419297963380814,0.948014404823155,1.0,0.9019322991371155,DL,1.2898549267223902,False
0.13561876118183136,0.9300228621305983,0.7945063242814994,0.7957388162612915,DL,1.0622974634170534,False
0.11271286010742188,0.9292773921446582,0.9649439542303615,0.8814656734466553,DL,1.2459978716714042,False
0.10005449503660202,0.935072063575336,1.0,0.9006873965263367,DL,1.2871872782707214,False
0.10781984776258469,0.9505346027556822,1.0,0.9006691575050354,DL,1.2871481946536472,False
0.11752185225486755,0.949006005815271,1.0,0.8949077725410461,DL,1.274802369730813,False
0.11189758777618408,0.9289274088268001,1.0,0.8923903107643127,DL,1.2694078087806702,False
0.10959456861019135,0.925289256233683,1.0,0.8926688432693481,DL,1.2700046641486031,False
0.10869526863098145,0.921691747266737,1.0,0.8921506404876709,DL,1.2688942296164376,False
0.11762981861829758,0.9383904135461973,0.9002932618608442,0.859394371509552,DL,1.1987022246633257,False
0.11558021605014801,0.9240846184909943,1.0,0.8888223767280579,DL,1.2617622358458382,False
0.08948396891355515,0.9142175192766999,0.9654511698657854,0.8911070227622986,DL,1.2666579059192111,False
0.10286225378513336,0.8988467401860913,1.0,0.8888811469078064,DL,1.2618881719452995,False
0.11366445571184158,0.9060595283893671,1.0,0.8845446109771729,DL,1.2525955949510847,False
0.10264988243579865,0.913687109254286,1.0,0.8933244943618774,DL,1.2714096307754517,False
0.1123463436961174,0.9427154477069514,1.0,0.8960480093955994,DL,1.2772457344191415,False
0.105903759598732,0.8890048314070955,0.8957666728505889,0.8479856252670288,DL,1.1742549112864902,False
0.10094312578439713,0.8841219071615625,0.8399712038033166,0.8273008465766907,DL,1.12993038552148,False
0.09956903755664825,0.8762394106667515,0.8023386355472409,0.8081938624382019,DL,1.0889868480818612,False
0.11139377951622009,0.8925248022136294,0.9551003097234956,0.86697918176651,DL,1.0518363788723946,True
0.09649357199668884,0.891629851432661,1.0,0.8905064463615417,DL,1.0954831891826222,True
0.10183800011873245,0.893494763028881,1.0,0.8878985643386841,DL,1.0906451540806938,True
0.10491146892309189,0.8908444638647453,1.0,0.885244607925415,DL,1.2540955884116036,False
0.11614903062582016,0.8734479245045701,0.5541330233227105,0.6424113512039185,DL,0.7337386097226825,False
0.11422017961740494,0.8827052630763075,0.7558789651410165,0.7738935351371765,DL,1.0154861467225214,False
0.09955307841300964,0.8885132288477846,0.6002158522663081,0.7045096158981323,DL,0.8668063197817122,False
0.10891679674386978,0.9131443079569683,0.7614857560548715,0.7974424362182617,DL,1.0659480776105608,False
0.10893706977367401,0.9001961270369815,0.808147832726778,0.8132710456848145,DL,1.0998665264674594,False
0.10115601122379303,0.8962323293935894,0.8961608010365122,0.8544874787330627,DL,1.1881874544279916,False
0.11294478923082352,0.8815501660351379,0.6623707075063411,0.7219371199607849,DL,0.9041509713445391,False
0.10768862068653107,0.9100049173578544,0.8502314932120123,0.8367953300476074,DL,1.150275707244873,False
0.13085301220417023,0.9368074766937313,0.7301264180225563,0.7713025808334351,DL,1.0099341017859322,False
0.1296810507774353,0.9045764466174765,1.0,0.8738723397254944,DL,1.2297264422689165,False
0.11490705609321594,0.9242119190109181,0.7397605157536252,0.7862507104873657,DL,1.0419658081872125,False
0.1140773594379425,0.9095863451730113,1.0,0.8853695392608643,DL,1.2543632984161377,False
0.10810469090938568,0.9582833732562849,0.7716688036394486,0.8236427903175354,DL,1.1220916935375758,False
0.1016143336892128,0.9021034476817649,0.8014954972214248,0.8177396655082703,DL,1.1094421403748649,False
0.10576272010803223,0.8985502123886213,0.9462347036052179,0.8698660731315613,DL,1.221141585281917,False
0.12299899011850357,0.9404442446918853,1.0,0.8892728686332703,DL,1.2627275756427219,False
0.10921753197908401,0.8945094760953696,1.0,0.8837283253669739,DL,1.2508464115006583,False
0.11112678050994873,0.894495716462932,1.0,0.8825417757034302,DL,1.248303805078779,False
0.1207374632358551,0.9070389824915441,0.6171910143436775,0.700202465057373,DL,0.8575767108372281,False
0.12198422849178314,0.9038401584720523,1.0,0.878639817237854,DL,1.2399424655096871,False
0.12232491374015808,0.9036142392015798,1.0,0.8783493041992188,DL,1.2393199375697543,False
0.1250624656677246,0.9116863604113356,1.0,0.8791792392730713,DL,1.241098369870867,False
0.11448433995246887,0.8866789764359231,1.0,0.8779466152191162,DL,1.2384570326123918,False
0.12109659612178802,0.9099883060639751,1.0,0.8811516761779785,DL,1.2453250203813826,False
0.12459715455770493,0.9053407035962293,1.0,0.8774430155754089,DL,1.2373778905187334,False
0.11773921549320221,0.9180663466710675,1.0,0.8857210874557495,DL,1.255116615976606,False
0.11980753391981125,0.9248464509272634,1.0,0.8865214586257935,DL,1.2568316970552718,False
0.11428870260715485,0.9146835511248066,1.0,0.8867851495742798,DL,1.2573967490877425,False
0.11491993069648743,0.9196670492457006,1.0,0.8879010081291199,DL,1.2597878745623996,False
0.10335603356361389,0.9129473310633676,1.0,0.8927077054977417,DL,1.2700879403523035,False
0.1186932697892189,0.9476807230003111,0.9746237023106231,0.8864267468452454,DL,1.2566287432398116,False
0.11514326184988022,0.9508852009788109,1.0,0.8967655897140503,DL,1.2787834065301078,False
0.12276465445756912,0.9342414988117208,1.0,0.8875676989555359,DL,1.2590736406190055,False
0.11377856135368347,0.9461160211226316,1.0,0.8961977362632751,DL,1.2775665777070182,False
0.12218838185071945,0.92340076509026,0.860949240046863,0.8347836136817932,DL,1.1459648864609855,False
0.11886280030012131,0.9121437337163139,1.0,0.8832167387008667,DL,1.249750154359,False
0.12327582389116287,0.9091625215496122,1.0,0.8795133233070374,DL,1.2418142642293657,False
0.11807942390441895,0.9225032778127688,0.941749951194516,0.868101954460144,DL,1.217361330986023,False
0.1191709041595459,0.9254536973585669,1.0,0.8870877027511597,DL,1.2580450773239136,False
0.12058660387992859,0.950498204952399,1.0,0.893592357635498,DL,1.2719836235046387,False
0.11919005960226059,0.9242193047019721,1.0,0.8867046236991882,DL,1.2572241936411177,False
0.11245501041412354,0.9324890161857934,1.0,0.8930931687355042,DL,1.2709139330046517,False
0.11788984388113022,0.9219555994092361,1.0,0.8868061304092407,DL,1.2574417080198015,False
0.12167967855930328,0.8904125003474105,1.0,0.8744790554046631,DL,1.2310265472957065,False
0.11805830895900726,0.9276332528014299,0.7646410143604142,0.7971327304840088,DL,1.0652844224657332,False
0.1273106336593628,0.9151732065073692,1.0,0.8788572549819946,DL,1.2404084035328455,False
0.1360740065574646,0.9334195035055806,1.0,0.8790868520736694,DL,1.2409003973007202,False
0.11697080731391907,0.9002946181512242,1.0,0.8806978464126587,DL,1.2443525280271257,False
0.1307535469532013,0.9424820335796513,1.0,0.8852304220199585,DL,1.2540651900427682,False
0.1272047460079193,0.9069486722386534,1.0,0.876274585723877,DL,1.2348741122654505,False
0.13269631564617157,0.9085330487678362,0.9578772758685207,0.8585197925567627,DL,1.1968281269073486,False
0.1323973685503006,0.934763107819255,0.9704949353138249,0.8722929954528809,DL,1.2263421331133162,False
0.13322772085666656,0.9201339316523262,1.0,0.8766446113586426,DL,1.2356670243399483,False
0.11607641726732254,0.9211198286607585,1.0,0.8876439332962036,DL,1.2592369999204363,False
0.124106764793396,0.9129100131953095,1.0,0.8801746964454651,DL,1.2432314923831393,False
0.12402679026126862,0.9143131781890368,1.0,0.8806684017181396,DL,1.2442894322531564,False
0.1229102611541748,0.9507338515967414,1.0,0.8923272490501404,DL,1.2692726765360152,False
0.12130444496870041,0.9404278276422808,1.0,0.8902652263641357,DL,1.2648540564945765,False
0.1219342052936554,0.9423619314974433,1.0,0.8904628753662109,DL,1.265277590070452,False
0.1234910786151886,0.9432400831496643,1.0,0.889806866645813,DL,1.2638718570981706,False
0.12091831117868423,0.9241329776568982,1.0,0.8856325745582581,DL,1.2549269454819816,False
0.1119706928730011,0.8903086040061869,1.0,0.8807023763656616,DL,1.244362235069275,False
0.11447688192129135,0.9402440050872477,1.0,0.8941515684127808,DL,1.2731819323131015,False
0.11804500222206116,0.9388593078323028,1.0,0.8917076587677002,DL,1.2679449830736433,False
0.10444609820842743,0.9401662552028636,1.0,0.8996930122375488,DL,1.2850564547947474,False
0.10928206890821457,0.9186307238000475,1.0,0.8909221887588501,DL,1.2662618330546787,False
0.10983843356370926,0.8994357810252036,1.0,0.8848592042922974,DL,1.2532697234834944,False
0.09172887355089188,0.9059477897998005,1.0,0.8972896933555603,DL,1.279906485761915,False
0.08856417238712311,0.8975574684412922,0.8606005174545821,0.8510785698890686,DL,1.1808826497622897,False
0.099838986992836,0.9093954673667515,1.0,0.8937042355537415,DL,1.2722233619008745,False
0.08243613690137863,0.9011636414903248,1.0,0.9010432362556458,DL,1.2879497919763838,False
0.0812235102057457,0.8898458242392384,1.0,0.8986389636993408,DL,1.2827977793557304,False
0.08902034163475037,0.9167250667890846,1.0,0.9016814827919006,DL,1.2893174631255013,False
0.10824871063232422,0.9005748381538214,0.5310145292197748,0.6559444069862366,DL,0.7627380149705071,False
0.10875137150287628,0.9153171535492346,0.9009690350581607,0.857703685760498,DL,1.1950793266296387,False
0.08924730122089386,0.9357946992415552,0.6506199864060989,0.7727240324020386,DL,1.01298006943294,False
0.10396093130111694,0.9267294217830507,0.9000943554014131,0.8649121522903442,DL,1.2105260406221663,False
0.10452362149953842,0.9329523556034203,1.0,0.8976803421974182,DL,1.280743590423039,False
0.09775903820991516,0.8999127543836737,0.9909326934462674,0.8895329833030701,DL,1.2632849642208643,False
0.10815372318029404,0.9085273849754126,1.0,0.8886134624481201,DL,1.2613145623888289,False
0.10304612666368484,0.9000904968721789,1.0,0.8891404271125793,DL,1.2624437723840987,False
0.09213554859161377,0.9037193882741494,1.0,0.8964456915855408,DL,1.2780979105404444,False
0.09859524667263031,0.8688198226455615,0.4298787960673668,0.575547456741333,DL,0.590458835874285,False
0.1046527773141861,0.880221893241588,1.0,0.882128894329071,DL,1.2474190592765808,False
0.12538601458072662,0.8729724324861007,1.0,0.8660641312599182,DL,1.212994566985539,False
0.11376261711120605,0.923817459500663,0.37008730740230694,0.5496200323104858,DL,0.5349000692367555,False
0.09261811524629593,0.8812678154443461,0.4234416780096805,0.5886571407318115,DL,0.618551015853882,False
0.0950724184513092,0.8919454237602173,0.2565426719481342,0.4687972962856293,FALLBACK,0.3617084920406342,False
0.09471992403268814,0.8960353745223327,0.4282429386851172,0.59977126121521,DL,0.6423669883183072,False
0.09019298851490021,0.8887535361056457,0.7310572577545883,0.7888939380645752,DL,1.0476298672812325,False
0.08594068884849548,0.9434729609817499,0.3188007107660219,0.5673812031745911,DL,0.5729597210884095,False
0.09881789982318878,0.8774137723641467,0.3952466840975765,0.556031346321106,DL,0.5486385992595129,False
0.08869842439889908,0.8924316129188349,0.517250462781679,0.6674895286560059,DL,0.7874775614057269,False
0.10226704925298691,0.8657832124109436,0.767378325512988,0.7834488749504089,DL,1.0359618748937334,False
0.09157286584377289,0.8901503619851191,0.9086961331544773,0.8637861013412476,DL,1.2081130743026733,False
0.08779797703027725,0.8959487202595773,0.9710179912748724,0.8883611559867859,DL,1.2607739056859697,False
0.08597204834222794,0.8976877030802548,0.8365576678941803,0.8438161015510559,DL,1.1653202176094055,False
0.09345787018537521,0.9200122653909166,0.6471052940493521,0.7577902674674988,DL,0.9809791445732119,False
0.09071566164493561,0.9062934530380878,0.897419555201135,0.8660925030708313,DL,1.21305536372321,False
0.08977006375789642,0.869644010593104,0.9033891004454448,0.855755627155304,DL,1.1909049153327942,False
0.07623040676116943,0.9097413467275262,0.6849877269113457,0.7903110384941101,DL,1.0506665110588076,False
0.08730452507734299,0.9243443807153353,0.9143819734835754,0.8799914121627808,DL,1.242838740348816,False
0.0840241014957428,0.912948705886058,0.725867521538869,0.8041285872459412,DL,1.0802755440984453,False
0.08124510198831558,0.9145928901075397,0.9696466639208904,0.8970847129821777,DL,1.2794672421046664,False
0.08578542619943619,0.9155656410288446,1.0,0.9030848741531372,DL,1.292324730328151,False
0.08343052119016647,0.914742999820044,1.0,0.9041007161140442,DL,1.2945015345300948,False
0.08260706812143326,0.9139232073819181,1.0,0.9043155908584595,DL,1.2949619804109846,False
0.09546887874603271,0.9128821014136883,0.9423465350407086,0.8800463676452637,DL,1.2429565020969935,False
0.07713127881288528,0.919688058483908,0.7270363506218037,0.8141769170761108,DL,1.101807679448809,False
0.07114897668361664,0.9189958684933666,1.0,0.9113385677337646,DL,1.3100112165723528,False
0.08016964048147202,0.9211359040662039,1.0,0.9074077606201172,DL,1.3015880584716797,False
0.08026693016290665,0.9243285718677905,1.0,0.9081606268882751,DL,1.3032013433320182,False
0.07797491550445557,0.9198707106084697,1.0,0.9081922173500061,DL,1.3032690371785844,False
0.0756121501326561,0.9118616179191715,0.9894801797364995,0.9046806693077087,DL,1.2957442913736616,False
0.07771888375282288,0.9068840206616748,1.0,0.9050238132476807,DL,1.2964795998164584,False
0.07843192666769028,0.9168435055628654,1.0,0.9072016477584839,DL,1.301146388053894,False
0.07939110696315765,0.9192460323853766,1.0,0.9073238372802734,DL,1.3014082227434431,False
0.082218237221241,0.9156820055984445,1.0,0.9049720764160156,DL,1.2963687351771762,False
0.08333876729011536,0.9085281857786625,0.860786169291361,0.8591086864471436,DL,1.1980900423867362,False
0.08362510800361633,0.9038676909003704,1.0,0.9011304378509521,DL,1.2881366525377547,False
0.08115366101264954,0.9146134309927589,1.0,0.9052453637123108,DL,1.2969543508120944,False
0.0769820511341095,0.9114849075890041,1.0,0.9065787196159363,DL,1.2998115420341492,False
0.08653347939252853,0.9043772781421403,1.0,0.8997028470039368,DL,1.28507752929415,False
0.08981619030237198,0.904604413574725,0.9598245474411906,0.8863900899887085,DL,1.2565501928329468,False
0.09902512282133102,0.9231677511557291,0.7812667307579171,0.8204131722450256,DL,1.1151710833821977,False
0.0832042396068573,0.9230043379273045,0.7072276883976928,0.8008264899253845,DL,1.0731996212686812,False
0.08602073788642883,0.9111073283547101,1.0,0.9017829895019531,DL,1.2895349775041853,False
0.08722996711730957,0.9117033670856634,1.0,0.9012976288795471,DL,1.288494919027601,False
0.08869899809360504,0.8635834658985619,0.6280242462193905,0.7196297645568848,DL,0.8992066383361816,False
0.10865295678377151,0.9229330963795972,0.4232620139738324,0.5954795479774475,DL,0.6331704599516732,False
0.12451892346143723,0.8676394753586555,0.21415669820781538,0.3771347105503082,FALLBACK,0.16528866546494622,False
0.1080804169178009,0.9203563618920775,0.5813491599662708,0.7019562721252441,DL,0.8613348688398089,False
0.10582089424133301,0.9171776676373388,0.39452839105194926,0.5744889378547668,DL,0.5881905811173576,False
0.08480378985404968,0.9325351795573616,1.0,0.9079434871673584,DL,1.3027360439300537,False
0.09426401555538177,0.9132521827916049,1.0,0.897905707359314,DL,1.2812265157699585,False
0.09120306372642517,0.9089184106457261,0.923633394518911,0.8754940032958984,DL,1.2332014356340681,False
0.08170691877603531,0.9357201983984349,0.9949897622721187,0.9090330600738525,DL,1.3050708430153983,False
0.0969354584813118,0.9215059480558009,1.0,0.8987035155296326,DL,1.2829361047063554,False
0.0922231450676918,0.939712225799939,1.0,0.9060042500495911,DL,1.2985805358205522,False
0.10214461386203766,0.9307417881936348,1.0,0.8983801007270813,DL,1.2822430729866028,False
0.10775388777256012,0.9331867299285131,1.0,0.8959518074989319,DL,1.2770395874977112,False
0.09744532406330109,0.9367892868949316,1.0,0.9025330543518066,DL,1.2911422593253,False
0.09761377424001694,0.9402947661267571,1.0,0.9033660888671875,DL,1.2929273332868303,False
0.1006799265742302,0.9196192336480586,1.0,0.8961141705513,DL,1.2773875083242143,False
0.10147147625684738,0.9034966933653232,1.0,0.8910641670227051,DL,1.2665660721915108,False
0.08688955008983612,0.9117580429745454,1.0,0.9014937877655029,DL,1.2889152594975062,False
0.08407668769359589,0.9238429403716688,1.0,0.9061124920845032,DL,1.298812483038221,False
0.09539413452148438,0.9237476325199094,1.0,0.9001483917236328,DL,1.286032267979213,False
0.08972586691379547,0.8930607190183246,0.9589113234159948,0.8826282024383545,DL,1.2484890052250452,False
0.0841626301407814,0.9350421649920798,1.0,0.9088892340660095,DL,1.3047626444271632,False
0.09375756233930588,0.9229077143422875,1.0,0.9008026123046875,DL,1.2874341692243303,False
0.08221135288476944,0.9231530294279157,1.0,0.9068856835365295,DL,1.3004693218639918,False
0.1027422547340393,0.9017235128825462,1.0,0.8898013234138489,DL,1.263859978743962,False
0.09887974709272385,0.8953445856079226,1.0,0.890196681022644,DL,1.2647071736199516,False
0.1015850305557251,0.8864551876780237,0.9421381957930808,0.8671817183494568,DL,1.2153893964631217,False
0.09714171290397644,0.9192977860950884,0.9815052160507202,0.892789363861084,DL,1.2702629225594657,False
0.1055942103266716,0.9196506608035976,1.0,0.8933459520339966,DL,1.2714556115014213,False
0.09778587520122528,0.9062543962051014,1.0,0.893979012966156,DL,1.2728121706417628,False
0.0897848904132843,0.8967880833362836,1.0,0.8958229422569275,DL,1.276763447693416,False
0.09272939711809158,0.902595912880409,1.0,0.8958001732826233,DL,1.2767146570341927,False
0.08375626057386398,0.8999621945779092,0.9196415477997671,0.8761287927627563,DL,1.234561698777335,False
0.09523238241672516,0.8819839897926204,1.0,0.8884053230285645,DL,1.2608685493469238,False
0.0973895937204361,0.8771265706831546,0.9118728966856795,0.8560246825218201,DL,1.1914814625467574,False
0.0875747948884964,0.9200768579369489,1.0,0.9033294320106506,DL,1.2928487828799655,False
0.08798370510339737,0.8922021865553333,1.0,0.8955473303794861,DL,1.2761728508131844,False
0.09248466789722443,0.9107527535249791,1.0,0.8981966376304626,DL,1.2818499377795627,False
0.13392090797424316,0.8946153705872184,1.0,0.8676475286483765,DL,1.2163875613893782,False
0.09481187909841537,0.9035485516866599,1.0,0.8948972821235657,DL,1.2747798902647836,False
0.09397044777870178,0.9592888695456594,0.8340457567757336,0.860106885433197,DL,1.2002290402139937,False
0.10652472078800201,0.9394233862529766,1.0,0.8983586430549622,DL,1.2821970922606332,False
0.0954582542181015,0.8908141006876537,0.9591058158421533,0.8783617615699768,DL,1.2393466319356645,False
0.09328773617744446,0.8976147901761573,1.0,0.8940802812576294,DL,1.2730291741234916,False
0.0989173948764801,0.8848775547463195,1.0,0.8870668411254883,DL,1.258000373840332,False
0.08165791630744934,0.8999572159669449,1.0,0.9011368155479431,DL,1.2881503190313066,False
0.09013762325048447,0.8939007627752973,1.0,0.894812822341919,DL,1.2745989050183977,False
0.08389923721551895,0.898265791194462,1.0,0.8994743824005127,DL,1.2845879622868128,False
0.08891613036394119,0.8893994101117826,1.0,0.8942301869392395,DL,1.2733504005840846,False
0.08582796156406403,0.8943817941386994,0.7849007807245053,0.8209617137908936,DL,1.1163465295519148,False
0.09596028178930283,0.8921417448381258,0.5537422718888372,0.6817633509635925,DL,0.8180643234934126,False
0.104384645819664,0.9121520828227107,0.2618875067808307,0.47397559881210327,FALLBACK,0.37280485459736423,False
0.09936786442995071,0.9346102243811026,1.0,0.9009316563606262,DL,1.287710692201342,False
0.09564713388681412,0.9588857948543561,0.46663052829205737,0.6687780022621155,DL,0.7902385762759618,False
0.10535851866006851,0.8982115751701683,0.43816130443567497,0.5931408405303955,DL,0.6281589439937048,False
0.10874143987894058,0.8954197277011119,0.6253215949630849,0.712953507900238,DL,0.8849003740719388,False
0.11284026503562927,0.9306308880734727,0.27760145582029705,0.48691609501838684,FALLBACK,0.4005344893251147,False
0.11802775412797928,0.9502076797886579,0.7423666684689458,0.7973079681396484,DL,1.0656599317278181,False
0.11549714207649231,0.9501215159321587,0.9551899944594804,0.8831855654716492,DL,1.2496833545821053,False
0.12105647474527359,0.9528503610601454,1.0,0.8939945101737976,DL,1.272845378943852,False
0.12073421478271484,0.9406825623293111,0.6480143169668826,0.739174485206604,DL,0.9410881825855801,False
0.07000545412302017,0.9316748823383878,0.6563378066459697,0.7931474447250366,DL,1.0567445244107927,False
0.06845299154520035,0.933017310788861,1.0,0.9159330725669861,DL,1.319856584072113,False
0.07390700280666351,0.9358937443414974,0.9380285288189552,0.8982858061790466,DL,1.2820410132408142,False
0.0624198392033577,0.9303073638206582,1.0,0.9180693626403809,DL,1.3244343485151018,False
0.06554703414440155,0.936632617872674,1.0,0.9180853366851807,DL,1.3244685786111015,False
0.07499471306800842,0.9585517635752511,1.0,0.9187649488449097,DL,1.3259248903819492,False
0.09118867665529251,0.9541099619341415,0.47860320444645227,0.6793975830078125,DL,0.8129948207310269,False
0.10728958249092102,0.9457347196012702,0.9557727734778305,0.8870325088500977,DL,1.2579268046787806,False
0.08309115469455719,0.9324891326221691,0.5334623768674014,0.7108065485954285,DL,0.8802997469902039,False
0.08678092062473297,0.8999387008026021,0.672766014038485,0.7680665254592896,DL,1.0029996974127633,False
0.07238402217626572,0.9293318437321865,0.9717981868780732,0.9062838554382324,DL,1.2991796902247836,False
0.09329201281070709,0.9418803289488913,0.6983975522362312,0.7959349751472473,DL,1.0627178038869585,False
0.07100661098957062,0.9560994374400522,0.984014977473531,0.9163916707038879,DL,1.320839294365474,False
0.10257165133953094,0.9297451259304481,0.8115678353894057,0.8332038521766663,DL,1.1425796832357134,False
0.10586655139923096,0.9351723549859035,0.49954639985713806,0.661268949508667,DL,0.25088121493657434,True
0.059819724410772324,0.9325893701865021,0.6898036584278209,0.8188028335571289,DL,0.360279745525784,True
0.10166028887033463,0.9139769665141705,0.6131446429376135,0.7253984808921814,DL,0.9115681733403888,False
0.08471488207578659,0.9557450639231678,1.0,0.913642406463623,DL,1.0714391223968025,True
0.09665647149085999,0.9325921786624408,0.5056412785382084,0.6758486032485962,DL,0.8053898641041348,False
0.0893937200307846,0.9424674200060082,0.5017791629845421,0.68919837474823,DL,0.6795527178143701,True
0.08704192191362381,0.9506585583388122,1.0,0.911308765411377,DL,0.6671028193973361,True
0.10552951693534851,0.9296072958126433,0.7191865667948146,0.7880483269691467,DL,1.0458178435053145,False
0.09414545446634293,0.9416490142047707,1.0,0.905515730381012,DL,1.2975337079593112,False
0.0993761345744133,0.9176707447976854,1.0,0.8962979912757874,DL,1.1298900429928114,True
0.10547264665365219,0.9342320949337988,1.0,0.8975098133087158,DL,1.1321862533925071,True
0.10097244381904602,0.9591062169197652,0.9628914241572734,0.8966139554977417,DL,1.2784584760665894,False
0.10020463913679123,0.9306072769634056,1.0,0.8994013071060181,DL,0.9454842046612787,True
0.08021439611911774,0.944710940521317,0.7227982509197438,0.8207207322120667,DL,0.8213749645011766,True
0.085842065513134,0.9422276294703833,1.0,0.9098353981971741,DL,0.961942741203876,True
0.0889660194516182,0.9380621927562557,1.0,0.9072396159172058,DL,0.9277271909846202,True
0.0799732506275177,0.9501897233679253,1.0,0.9145675897598267,DL,0.9389227065775131,True
0.09355831891298294,0.949139495832684,1.0,0.9077163338661194,DL,0.9284555100732381,True
0.08230888098478317,0.9559198868783753,1.0,0.9148154854774475,DL,0.9210033562211767,True
0.09803099930286407,0.9456424711285989,1.0,0.904541552066803,DL,0.9056128408937231,True
0.09101387858390808,0.9474245652412849,1.0,0.9085607528686523,DL,0.9116336674917315,True
0.11312340199947357,0.9479732344568614,0.905323545236089,0.8677428364753723,DL,0.833590672602729,True
0.08754125237464905,0.9491725886346303,1.0,0.9107044339179993,DL,0.8966692085303956,True
0.1029820516705513,0.9411776054683159,1.0,0.9007546305656433,DL,0.8820603702749523,True
0.11152201145887375,0.9229867889503858,1.0,0.890886127948761,DL,0.9379144888075572,True
0.07967865467071533,0.9496869511792647,1.0,0.9145878553390503,DL,0.975536278315953,True
0.10964716225862503,0.9312763361363647,1.0,0.8943478465080261,DL,0.9434092801714701,True
0.09622589498758316,0.9454645635214263,1.0,0.9054269790649414,DL,0.8168459241352386,True
0.08090465515851974,0.9504000156203996,1.0,0.9141795039176941,DL,0.8286548862381589,True
0.11469040811061859,0.9394095536037028,1.0,0.8937928676605225,DL,0.8011491071610225,True
0.12045836448669434,0.9446390600660102,1.0,0.8919835090637207,DL,1.26853609085083,False
0.09622833132743835,0.9562455660382033,1.0,0.9081592559814453,DL,1.3031984056745256,False
0.07873016595840454,0.9510275823129709,1.0,0.9153435230255127,DL,1.3185932636260986,False
0.07460688054561615,0.9475791762805839,1.0,0.9164523482322693,DL,1.0029581856159937,True
0.0765380710363388,0.9521393255960651,0.908486575862606,0.8930848836898804,DL,0.9649396917176625,True
0.09275289624929428,0.9156431580590337,0.9135704270753743,0.8733733892440796,DL,0.9328694031352088,True
0.08610039204359055,0.9393747804932941,1.0,0.9090027213096619,DL,1.3050058313778468,False
0.07396741211414337,0.9439052552356954,1.0,0.915900468826294,DL,1.319786718913487,False
0.06692681461572647,0.9530919535527744,1.0,0.9211235642433167,DL,1.3309790662356784,False
0.07745784521102905,0.9542641092265589,1.0,0.9166778326034546,DL,0.5200160294771197,True
0.09073782712221146,0.9412437829369334,0.7233682261167816,0.8099070191383362,DL,0.42998111732895433,True
0.10674647986888885,0.9396538587896588,1.0,0.8983002305030823,DL,0.5045190435789882,True
0.10443352162837982,0.9400605235343403,1.0,0.899671196937561,DL,0.3985909741549266,True
0.07879030704498291,0.9585279428582341,0.6444044571638419,0.7918400168418884,DL,0.3269174715119696,True
0.08566552400588989,0.9357223948672151,1.0,0.9083098769187927,DL,0.40433295390435636,True
0.09193514287471771,0.9378348597428358,0.965535731722058,0.896460235118866,DL,0.5266365171188401,True
0.09914081543684006,0.9546308867055657,0.967567439744429,0.8976835012435913,DL,0.5277165834392822,True
0.1090230643749237,0.922386466853444,1.0,0.8921619653701782,DL,0.5228414178367646,True
0.10292613506317139,0.9136902826080561,1.0,0.8931673169136047,DL,0.8473818813051495,True
